2011,Maj,Wtorek,8094970.2066,47
2011,Czerwiec,Sroda,15394.3298,4
2011,Czerwiec,Czwartek,16588.4572,4
2011,Czerwiec,Piatek,7907.9768,2
2011,Czerwiec,Sobota,16588.4572,4
2011,Czerwiec,Niedziela,15815.9536,3
2011,Czerwiec,Poniedzialek,8680.4804,3
2011,Czerwiec,Wtorek,8680.4804,2
2011,Czerwiec,Sroda,23105.3072,5
2011,Czerwiec,Czwartek,11664.9658,3
2011,Czerwiec,Piatek,15815.9536,3
2011,Czerwiec,Sobota,15618.9542,4
2011,Czerwiec,Niedziela,7907.9768,2
2011,Czerwiec,Poniedzialek,27677.9188,4
2011,Czerwiec,Wtorek,12409.8444,4
2011,Czerwiec,Sroda,15815.9536,2
2011,Czerwiec,Czwartek,15618.9542,4
2011,Czerwiec,Piatek,7683.3524,2
2011,Czerwiec,Sobota,28253.423,5
2011,Czerwiec,Niedziela,12437.4694,4
2011,Czerwiec,Poniedzialek,15815.9536,2
2011,Czerwiec,Wtorek,42256.626,7
2011,Czerwiec,Sroda,16588.4572,3
2011,Czerwiec,Czwartek,11861.9652,2
2011,Czerwiec,Piatek,12634.4688,4
2011,Czerwiec,Sobota,19375.9432,5
2011,Czerwiec,Niedziela,30985.659,6
2011,Czerwiec,Poniedzialek,21862.8284,6
2011,Czerwiec,Wtorek,19545.3176,3
2011,Czerwiec,Sroda,15914.584,4
2011,Czerwiec,Czwartek,16588.4572,5
2011,Lipiec,Piatek,25541849.1297,47
2011,Lipiec,Sobota,11861.9652,3
2011,Lipiec,Niedziela,12409.8444,4
2011,Lipiec,Poniedzialek,19375.9432,5
2011,Lipiec,Wtorek,17360.9608,5
2011,Lipiec,Sroda,28056.4236,6
2011,Lipiec,Czwartek,15815.9536,3
2011,Lipiec,Piatek,12437.4694,4
2011,Lipiec,Sobota,15366.7048,4
2011,Lipiec,Niedziela,23302.3066,5
2011,Lipiec,Poniedzialek,19769.942,4
2011,Lipiec,Wtorek,23723.9304,3
2011,Lipiec,Sroda,13182.348,5
2011,Lipiec,Czwartek,15815.9536,4
2011,Lipiec,Piatek,23329.9316,4
2011,Lipiec,Niedziela,3953.9884,1
2011,Lipiec,Poniedzialek,23499.306,5
2011,Lipiec,Wtorek,18905.968,7
2011,Lipiec,Sroda,23499.306,4
2011,Lipiec,Czwartek,30958.034,5
2011,Lipiec,Piatek,19545.3176,4
2011,Lipiec,Sobota,11637.3408,3
2011,Lipiec,Niedziela,32010.412,7
2011,Lipiec,Poniedzialek,8455.856,3
2011,Lipiec,Wtorek,27283.92,4
2011,Lipiec,Sroda,7907.9768,2
2011,Lipiec,Czwartek,7907.9768,2
2011,Lipiec,Piatek,21862.8284,6
2011,Lipiec,Sobota,27283.92,2
2011,Lipiec,Niedziela,23050.0572,4
2011,Sierpien,Poniedzialek,20337040.4185,47
2011,Sierpien,Wtorek,39539.884,4
2011,Sierpien,Sroda,12634.4688,3
2011,Sierpien,Czwartek,23329.9316,5
2011,Sierpien,Piatek,11861.9652,2
2011,Sierpien,Sobota,24496.434,5
2011,Sierpien,Niedziela,16588.4572,4
2011,Sierpien,Poniedzialek,11861.9652,3
2011,Sierpien,Wtorek,27031.6706,5
2011,Sierpien,Sroda,11861.9652,2
2011,Sierpien,Piatek,7710.9774,2
2011,Sierpien,Sobota,9228.3596,4
2011,Sierpien,Niedziela,19769.942,4
2011,Sierpien,Poniedzialek,15815.9536,4
2011,Sierpien,Wtorek,16588.4572,4
2011,Sierpien,Sroda,15421.9548,3
2011,Sierpien,Czwartek,19769.942,4
2011,Sierpien,Piatek,28253.423,6
2011,Sierpien,Sobota,7907.9768,2
2011,Sierpien,Niedziela,24650.3144,6
2011,Sierpien,Poniedzialek,23723.9304,4
2011,Sierpien,Wtorek,24496.434,4
2011,Sierpien,Sroda,11861.9652,3
2011,Sierpien,Czwartek,11861.9652,3
2011,Sierpien,Piatek,16588.4572,4
2011,Sierpien,Sobota,29995.4296,6
2011,Sierpien,Niedziela,4726.492,2
2011,Sierpien,Poniedzialek,772.5036,1
2011,Sierpien,Wtorek,39539.884,4
2011,Sierpien,Sroda,17165028.0867,58
2011,Wrzesien,Czwartek,11637.3408,3
2011,Wrzesien,Piatek,15815.9536,4
2011,Wrzesien,Sobota,7907.9768,2
2011,Wrzesien,Niedziela,27831.7992,5
2011,Wrzesien,Poniedzialek,8455.856,3
2011,Wrzesien,Wtorek,12634.4688,4
2011,Wrzesien,Sroda,36736.904,9
2011,Wrzesien,Czwartek,32179.7864,6
2011,Wrzesien,Piatek,19769.942,4
2011,Wrzesien,Sobota,30958.034,3
2011,Wrzesien,Niedziela,47026.237,7
2011,Wrzesien,Poniedzialek,20148.4468,5
2011,Wrzesien,Wtorek,11861.9652,2
2011,Wrzesien,Sroda,7683.3524,2
2011,Wrzesien,Czwartek,20093.1968,5
2011,Wrzesien,Piatek,11637.3408,3
2011,Wrzesien,Sobota,31434.9078,4
2011,Wrzesien,Niedziela,16588.4572,4
2011,Wrzesien,Poniedzialek,23723.9304,3
2011,Wrzesien,Wtorek,11861.9652,3
2011,Wrzesien,Sroda,12437.4694,3
2011,Wrzesien,Czwartek,16588.4572,3
2011,Wrzesien,Sobota,3953.9884,1
2011,Wrzesien,Niedziela,7907.9768,2
2011,Wrzesien,Poniedzialek,33176.9144,6
2011,Wrzesien,Wtorek,16588.4572,4
2011,Wrzesien,Sroda,26392.321,9
2011,Wrzesien,Czwartek,24299.4346,5
2011,Wrzesien,Piatek,7458.728,1
2011,Pazdziernik,Sobota,48506184.3781,59
2011,Pazdziernik,Niedziela,11861.9652,2
2011,Pazdziernik,Poniedzialek,15394.3298,4
2011,Pazdziernik,Wtorek,20345.4462,6
2011,Pazdziernik,Sroda,24299.4346,5
2011,Pazdziernik,Czwartek,19348.3182,4
2011,Pazdziernik,Piatek,29222.926,6
2011,Pazdziernik,Sobota,31631.9072,4
2011,Pazdziernik,Niedziela,15815.9536,3
2011,Pazdziernik,Poniedzialek,24047.1852,7
2011,Pazdziernik,Wtorek,23723.9304,4
2011,Pazdziernik,Sroda,21314.9492,5
2011,Pazdziernik,Czwartek,30619.2852,5
2011,Pazdziernik,Piatek,31758.1626,6
2011,Pazdziernik,Sobota,17136.3364,6
2011,Pazdziernik,Niedziela,27453.2944,4
2011,Pazdziernik,Poniedzialek,12634.4688,3
2011,Pazdziernik,Wtorek,11664.9658,2
2011,Pazdziernik,Sroda,20542.4456,3
2011,Pazdziernik,Czwartek,16391.4578,4
2011,Pazdziernik,Piatek,23329.9316,3
2011,Pazdziernik,Sobota,4726.492,2
2011,Pazdziernik,Niedziela,12634.4688,3
2011,Pazdziernik,Poniedzialek,27228.67,2
2011,Pazdziernik,Wtorek,11637.3408,3
2011,Pazdziernik,Sroda,20542.4456,3
2011,Pazdziernik,Czwartek,8680.4804,3
2011,Pazdziernik,Piatek,23905.4358,6
2011,Pazdziernik,Sobota,19769.942,4
2011,Pazdziernik,Niedziela,20542.4456,5
2011,Pazdziernik,Poniedzialek,36655486.0214,60
2011,Listopad,Wtorek,28225.798,6
2011,Listopad,Sroda,39118.2602,5
2011,Listopad,Czwartek,16391.4578,4
2011,Listopad,Piatek,23274.6816,4
2011,Listopad,Sobota,19769.942,3
2011,Listopad,Niedziela,23526.931,5
2011,Listopad,Poniedzialek,61276.7184,12
2011,Listopad,Wtorek,19572.9426,4
2011,Listopad,Sroda,7907.9768,1
2011,Listopad,Czwartek,40312.3876,6
2011,Listopad,Piatek,15815.9536,2
2011,Listopad,Sobota,42201.376,6
2011,Listopad,Niedziela,19545.3176,3
2011,Listopad,Poniedzialek,43844.7522,7
2011,Listopad,Wtorek,24271.8096,5
2011,Listopad,Sroda,12409.8444,4
2011,Listopad,Czwartek,23723.9304,2
2011,Listopad,Piatek,45389.7594,9
2011,Listopad,Sobota,31730.5376,7
2011,Listopad,Niedziela,29798.4302,7
2011,Listopad,Poniedzialek,24496.434,6
2011,Listopad,Wtorek,28450.4224,5
2011,Listopad,Sroda,16588.4572,5
2011,Listopad,Czwartek,21090.3248,4
2011,Listopad,Piatek,28225.798,6
2011,Listopad,Sobota,15815.9536,2
2011,Listopad,Niedziela,29798.4302,7
2011,Listopad,Poniedzialek,31182.6584,6
2011,Listopad,Wtorek,27059.2956,4
2011,Listopad,Sroda,24496.434,5
2011,Grudzien,Czwartek,10334085.6109,51
2011,Grudzien,Piatek,15815.9536,3
2011,Grudzien,Sobota,30985.659,7
2011,Grudzien,Niedziela,19572.9426,4
2011,Grudzien,Poniedzialek,8680.4804,3
2011,Grudzien,Wtorek,23499.306,3
2011,Grudzien,Sroda,9452.984,3
2011,Grudzien,Czwartek,28028.7986,7
2011,Grudzien,Piatek,19769.942,5
2011,Grudzien,Sobota,15591.3292,4
2011,Grudzien,Niedziela,34939.6474,7
2011,Grudzien,Poniedzialek,27677.9188,4
2011,Grudzien,Wtorek,8680.4804,3
2011,Grudzien,Sroda,34994.8974,6
2011,Grudzien,Czwartek,23625.5614,5
2011,Grudzien,Piatek,27256.295,6
2011,Grudzien,Sobota,28028.7986,5
2011,Grudzien,Niedziela,17360.9608,5
2011,Grudzien,Poniedzialek,20542.4456,4
2011,Grudzien,Wtorek,23723.9304,4
2011,Grudzien,Sroda,27283.92,6
2011,Grudzien,Czwartek,34967.2724,6
2011,Grudzien,Piatek,11861.9652,3
2011,Grudzien,Sobota,28253.423,6
2011,Grudzien,Niedziela,6271.4992,4
2011,Grudzien,Poniedzialek,19348.3182,5
2011,Grudzien,Wtorek,16391.4578,4
2011,Grudzien,Sroda,17136.3364,5
2011,Grudzien,Czwartek,12437.4694,3
2011,Grudzien,Piatek,29995.4296,6
2011,Grudzien,Sobota,24047.1852,7
2012,Styczen,Niedziela,31457881.1283,51
2012,Styczen,Poniedzialek,20542.4456,4
2012,Styczen,Wtorek,27453.2944,3
2012,Styczen,Sroda,18133.4644,6
2012,Styczen,Czwartek,23077.6822,6
2012,Styczen,Piatek,26616.9454,8
2012,Styczen,Sobota,23302.3066,4
2012,Styczen,Niedziela,15591.3292,3
2012,Styczen,Poniedzialek,11861.9652,3
2012,Styczen,Wtorek,39118.2602,6
2012,Styczen,Sroda,44266.376,6
2012,Styczen,Czwartek,11637.3408,3
2012,Styczen,Piatek,27256.295,5
2012,Styczen,Sobota,25268.9376,5
2012,Styczen,Niedziela,23723.9304,4
2012,Styczen,Poniedzialek,8483.481,3
2012,Styczen,Wtorek,15815.9536,4
2012,Styczen,Sroda,7907.9768,2
2012,Styczen,Czwartek,20542.4456,5
2012,Styczen,Piatek,16588.4572,5
2012,Styczen,Sobota,3953.9884,1
2012,Styczen,Niedziela,39118.2602,7
2012,Styczen,Poniedzialek,19769.942,1
2012,Styczen,Wtorek,32404.4108,6
2012,Styczen,Sroda,10225.4876,5
2012,Styczen,Czwartek,44041.7516,6
2012,Styczen,Piatek,11861.9652,1
2012,Styczen,Sobota,19545.3176,5
2012,Styczen,Niedziela,25342217.535,51
2012,Styczen,Poniedzialek,24299.4346,6
2012,Styczen,Wtorek,25816.8168,8
2012,Luty,Sroda,28225.798,5
2012,Luty,Czwartek,11861.9652,2
2012,Luty,Piatek,32207.4114,5
2012,Luty,Sobota,31785.7876,8
2012,Luty,Niedziela,15366.7048,3
2012,Luty,Poniedzialek,20542.4456,4
2012,Luty,Wtorek,7907.9768,2
2012,Luty,Sroda,23077.6822,5
2012,Luty,Czwartek,16391.4578,5
2012,Luty,Piatek,35487.5266,8
2012,Luty,Sobota,12437.4694,4
2012,Luty,Niedziela,32727.6656,6
2012,Luty,Poniedzialek,19769.942,4
2012,Luty,Wtorek,28434.9284,8
2012,Luty,Sroda,25268.9376,6
2012,Luty,Czwartek,12634.4688,3
2012,Luty,Piatek,35191.8968,6
2012,Luty,Sobota,15815.9536,3
2012,Luty,Niedziela,23077.6822,6
2012,Luty,Poniedzialek,19545.3176,4
2012,Luty,Wtorek,46801.6126,7
2012,Luty,Sroda,19545.3176,4
2012,Luty,Czwartek,29025.9266,6
2012,Luty,Piatek,11861.9652,3
2012,Luty,Sobota,31631.9072,5
2012,Luty,Niedziela,23499.306,5
2012,Luty,Poniedzialek,15815.9536,4
2012,Luty,Wtorek,15394.3298,4
2012,Luty,Sroda,17284177.6075,58
2012,Marzec,Czwartek,11664.9658,3
2012,Marzec,Piatek,32179.7864,6
2012,Marzec,Sobota,27228.67,5
2012,Marzec,Niedziela,19545.3176,4
2012,Marzec,Poniedzialek,16391.4578,5
2012,Marzec,Wtorek,28773.6772,8
2012,Marzec,Sroda,11861.9652,3
2012,Marzec,Czwartek,19769.942,4
2012,Marzec,Piatek,16363.8328,4
2012,Marzec,Sobota,23077.6822,4
2012,Marzec,Niedziela,40635.6424,7
2012,Marzec,Poniedzialek,15394.3298,4
2012,Marzec,Wtorek,8680.4804,2
2012,Marzec,Sroda,50980.2254,7
2012,Marzec,Czwartek,26862.2962,7
2012,Marzec,Piatek,35191.8968,7
2012,Marzec,Sobota,24496.434,5
2012,Marzec,Niedziela,12409.8444,3
2012,Marzec,Poniedzialek,36681.654,8
2012,Marzec,Wtorek,16166.8334,5
2012,Marzec,Sroda,15618.9542,3
2012,Marzec,Czwartek,36161.3998,6
2012,Marzec,Piatek,12409.8444,4
2012,Marzec,Sobota,24650.3144,6
2012,Marzec,Niedziela,15815.9536,3
2012,Marzec,Poniedzialek,35361.2712,5
2012,Marzec,Wtorek,18133.4644,7
2012,Marzec,Sroda,43072.2486,6
2012,Marzec,Czwartek,44392.6314,9
2012,Marzec,Piatek,48533813.4766,59
2012,Marzec,Sobota,19769.942,3
2012,Kwiecien,Niedziela,13406.9724,4
2012,Kwiecien,Poniedzialek,43072.2486,6
2012,Kwiecien,Wtorek,12985.3486,5
2012,Kwiecien,Sroda,25395.193,9
2012,Kwiecien,Czwartek,16166.8334,5
2012,Kwiecien,Piatek,35936.7754,7
2012,Kwiecien,Sobota,23499.306,4
2012,Kwiecien,Niedziela,8455.856,3
2012,Kwiecien,Poniedzialek,15394.3298,4
2012,Kwiecien,Wtorek,35361.2712,6
2012,Kwiecien,Sroda,44223.257,9
2012,Kwiecien,Czwartek,23274.6816,4
2012,Kwiecien,Piatek,24496.434,5
2012,Kwiecien,Sobota,33500.1692,7
2012,Kwiecien,Niedziela,34967.2724,6
2012,Kwiecien,Poniedzialek,31434.9078,5
2012,Kwiecien,Wtorek,16939.337,6
2012,Kwiecien,Sroda,23526.931,6
2012,Kwiecien,Czwartek,23499.306,3
2012,Kwiecien,Piatek,23499.306,4
2012,Kwiecien,Sobota,27228.67,5
2012,Kwiecien,Niedziela,25225.8186,9
2012,Kwiecien,Poniedzialek,31982.787,6
2012,Kwiecien,Wtorek,20542.4456,3
2012,Kwiecien,Sroda,16363.8328,5
2012,Kwiecien,Czwartek,16363.8328,5
2012,Kwiecien,Piatek,3953.9884,1
2012,Kwiecien,Sobota,24271.8096,6
2012,Kwiecien,Niedziela,8455.856,3
2012,Kwiecien,Poniedzialek,25377616.8568,58
2012,Maj,Wtorek,44069.3766,7
2012,Maj,Sroda,8455.856,3
2012,Maj,Czwartek,24074.8102,7
2012,Maj,Piatek,20345.4462,5
2012,Maj,Sobota,27256.295,5
2012,Maj,Niedziela,27831.7992,8
2012,Maj,Poniedzialek,31407.2828,4
2012,Maj,Wtorek,19375.9432,3
2012,Maj,Sroda,28028.7986,6
2012,Maj,Czwartek,19572.9426,5
2012,Maj,Piatek,37481.7826,8
2012,Maj,Sobota,9031.3602,4
2012,Maj,Niedziela,15421.9548,4
2012,Maj,Poniedzialek,17360.9608,4
2012,Maj,Wtorek,7907.9768,1
2012,Maj,Sroda,20542.4456,5
2012,Maj,Czwartek,30346.3094,8
2012,Maj,Piatek,44589.6308,9
2012,Maj,Sobota,24074.8102,7
2012,Maj,Niedziela,32179.7864,7
2012,Maj,Poniedzialek,19572.9426,3
2012,Maj,Wtorek,48922.124,11
2012,Maj,Sroda,24299.4346,6
2012,Maj,Czwartek,19572.9426,4
2012,Maj,Piatek,27228.67,5
2012,Maj,Sobota,35361.2712,4
2012,Maj,Niedziela,16363.8328,4
2012,Maj,Poniedzialek,31182.6584,6
2012,Maj,Wtorek,20148.4468,5
2012,Maj,Sroda,118495918.7406,107
2012,Maj,Czwartek,4381.314,3
2012,Czerwiec,Piatek,31382.0014,9
2012,Czerwiec,Sobota,18045.7687,7
2012,Czerwiec,Niedziela,23400.8675,8
2012,Czerwiec,Poniedzialek,24819.9568,9
2012,Czerwiec,Wtorek,19976.0423,7
2012,Czerwiec,Sroda,14895.937,4
2012,Czerwiec,Czwartek,12217.2295,4
2012,Czerwiec,Piatek,10932.9752,5
2012,Czerwiec,Sobota,21845.0615,11
2012,Czerwiec,Niedziela,19306.2071,6
2012,Czerwiec,Poniedzialek,25325.1773,11
2012,Czerwiec,Wtorek,24245.6974,9
2012,Czerwiec,Sroda,8675.6342,4
2012,Czerwiec,Czwartek,12939.5313,6
2012,Czerwiec,Piatek,27841.5607,7
2012,Czerwiec,Sobota,12088.609,7
2012,Czerwiec,Niedziela,16769.5816,7
2012,Czerwiec,Poniedzialek,21398.6024,7
2012,Czerwiec,Wtorek,23135.923,8
2012,Czerwiec,Sroda,17742.2118,4
2012,Czerwiec,Czwartek,17160.1906,5
2012,Czerwiec,Piatek,12432.0236,6
2012,Czerwiec,Sobota,18793.5558,9
2012,Czerwiec,Niedziela,10650.6126,5
2012,Czerwiec,Poniedzialek,20913.2378,8
2012,Czerwiec,Wtorek,10626.2819,3
2012,Czerwiec,Sroda,14026.442,5
2012,Czerwiec,Czwartek,19055.5443,8
2012,Czerwiec,Piatek,21859.7359,8
2012,Czerwiec,Sobota,168213447.9069,107
2012,Lipiec,Niedziela,15080.9224,7
2012,Lipiec,Poniedzialek,13207.6122,5
2012,Lipiec,Wtorek,20917.5288,6
2012,Lipiec,Sroda,17595.8388,6
2012,Lipiec,Czwartek,26722.5575,10
2012,Lipiec,Piatek,25668.5919,5
2012,Lipiec,Sobota,17617.8823,5
2012,Lipiec,Niedziela,16215.3619,8
2012,Lipiec,Poniedzialek,8190.9902,4
2012,Lipiec,Wtorek,9394.4652,4
2012,Lipiec,Sroda,22124.346,7
2012,Lipiec,Czwartek,29162.1402,9
2012,Lipiec,Piatek,20139.3186,10
2012,Lipiec,Sobota,24914.7124,9
2012,Lipiec,Niedziela,10553.5698,4
2012,Lipiec,Poniedzialek,20163.6493,9
2012,Lipiec,Wtorek,18119.301,8
2012,Lipiec,Sroda,26076.1042,8
2012,Lipiec,Czwartek,24188.1196,11
2012,Lipiec,Piatek,21012.2844,8
2012,Lipiec,Sobota,22410.9996,8
2012,Lipiec,Niedziela,12220.7003,4
2012,Lipiec,Poniedzialek,22260.3356,9
2012,Lipiec,Wtorek,22671.6531,8
2012,Lipiec,Sroda,23023.257,11
2012,Lipiec,Czwartek,20645.6717,9
2012,Lipiec,Piatek,18318.1406,7
2012,Lipiec,Sobota,14171.0136,5
2012,Lipiec,Niedziela,16818.5774,6
2012,Lipiec,Poniedzialek,25757.3547,10
2012,Lipiec,Wtorek,140838383.4033,107
2012,Sierpien,Sroda,12767.673,7
2012,Sierpien,Czwartek,18579.6143,6
2012,Sierpien,Piatek,11540.4817,6
2012,Sierpien,Sobota,9642.5064,3
2012,Sierpien,Niedziela,9931.7816,4
2012,Sierpien,Poniedzialek,3565.1058,2
2012,Sierpien,Wtorek,20725.2964,9
2012,Sierpien,Sroda,17606.9841,7
2012,Sierpien,Czwartek,18625.9885,8
2012,Sierpien,Piatek,16985.1959,8
2012,Sierpien,Sobota,10811.2673,6
2012,Sierpien,Niedziela,20401.3071,11
2012,Sierpien,Poniedzialek,18088.6721,9
2012,Sierpien,Wtorek,9785.4086,4
2012,Sierpien,Sroda,9129.8551,5
2012,Sierpien,Czwartek,10747.9898,4
2012,Sierpien,Piatek,20628.2536,7
2012,Sierpien,Sobota,15754.2284,8
2012,Sierpien,Niedziela,10905.1737,7
2012,Sierpien,Poniedzialek,12049.6622,4
2012,Sierpien,Wtorek,9202.5672,4
2012,Sierpien,Sroda,9506.1241,6
2012,Sierpien,Czwartek,17345.5104,9
2012,Sierpien,Piatek,10357.0464,6
2012,Sierpien,Sobota,21396.4148,8
2012,Sierpien,Niedziela,5540.0842,3
2012,Sierpien,Poniedzialek,3154.1227,2
2012,Sierpien,Wtorek,14309.9592,6
2012,Sierpien,Sroda,15027.6356,8
2012,Sierpien,Czwartek,75188235.7827,100
2012,Sierpien,Piatek,14063.253,7
2012,Wrzesien,Sobota,17184.8557,5
2012,Wrzesien,Niedziela,14142.3919,6
2012,Wrzesien,Poniedzialek,5564.7493,3
2012,Wrzesien,Wtorek,13462.9935,6
2012,Wrzesien,Sroda,12694.9609,6
2012,Wrzesien,Czwartek,15325.8272,7
2012,Wrzesien,Piatek,7688.7223,3
2012,Wrzesien,Sobota,9496.1334,4
2012,Wrzesien,Niedziela,17209.5208,5
2012,Wrzesien,Poniedzialek,19797.8858,9
2012,Wrzesien,Wtorek,26598.228,10
2012,Wrzesien,Sroda,13953.7299,4
2012,Wrzesien,Czwartek,11996.3754,5
2012,Wrzesien,Piatek,15124.1602,7
2012,Wrzesien,Sobota,12094.367,5
2012,Wrzesien,Niedziela,14500.0558,5
2012,Wrzesien,Poniedzialek,23630.2453,10
2012,Wrzesien,Wtorek,15848.1348,8
2012,Wrzesien,Sroda,21127.3851,10
2012,Wrzesien,Czwartek,14166.7226,7
2012,Wrzesien,Piatek,13462.9935,7
2012,Wrzesien,Sobota,20192.6054,9
2012,Wrzesien,Niedziela,13727.6036,6
2012,Wrzesien,Poniedzialek,17100.8114,7
2012,Wrzesien,Wtorek,7521.155,2
2012,Wrzesien,Sroda,11902.469,5
2012,Wrzesien,Czwartek,11129.4986,5
2012,Wrzesien,Piatek,25828.3974,8
2012,Wrzesien,Sobota,7946.4198,5
2012,Wrzesien,Niedziela,121875117.1239,100
2012,Pazdziernik,Poniedzialek,9663.7007,4
2012,Pazdziernik,Wtorek,11634.3881,6
2012,Pazdziernik,Sroda,2699.9018,1
2012,Pazdziernik,Czwartek,8522.3486,4
2012,Pazdziernik,Piatek,17731.8284,7
2012,Pazdziernik,Sobota,7775.7161,5
2012,Pazdziernik,Niedziela,15468.7294,7
2012,Pazdziernik,Poniedzialek,8264.6511,4
2012,Pazdziernik,Wtorek,15203.7849,6
2012,Pazdziernik,Sroda,23300.8687,7
2012,Pazdziernik,Czwartek,11902.469,5
2012,Pazdziernik,Piatek,9785.4086,3
2012,Pazdziernik,Sobota,12509.9755,5
2012,Pazdziernik,Niedziela,5854.0245,3
2012,Pazdziernik,Poniedzialek,16985.1959,8
2012,Pazdziernik,Wtorek,9681.1188,6
2012,Pazdziernik,Sroda,12405.6857,7
2012,Pazdziernik,Czwartek,8069.2823,4
2012,Pazdziernik,Piatek,18236.1997,9
2012,Pazdziernik,Sobota,11169.7838,6
2012,Pazdziernik,Niedziela,8264.6511,4
2012,Pazdziernik,Poniedzialek,7775.7161,5
2012,Pazdziernik,Wtorek,19634.0947,9
2012,Pazdziernik,Sroda,17760.7845,7
2012,Pazdziernik,Czwartek,11418.7738,5
2012,Pazdziernik,Piatek,15148.9508,9
2012,Pazdziernik,Sobota,12094.367,5
2012,Pazdziernik,Niedziela,12070.0363,6
2012,Pazdziernik,Poniedzialek,17296.1802,7
2012,Pazdziernik,Wtorek,88645449.4551,100
2012,Pazdziernik,Sroda,16089.363,9
2012,Listopad,Czwartek,32719.3846,10
2012,Listopad,Piatek,4234.941,3
2012,Listopad,Sobota,22274.6173,11
2012,Listopad,Niedziela,12862.3996,5
2012,Listopad,Poniedzialek,31704.9802,11
2012,Listopad,Wtorek,20833.8189,9
2012,Listopad,Sroda,10954.1695,7
2012,Listopad,Czwartek,17767.1758,7
2012,Listopad,Piatek,27463.432,12
2012,Listopad,Sobota,35415.8156,12
2012,Listopad,Niedziela,24500.2585,9
2012,Listopad,Poniedzialek,28685.9979,12
2012,Listopad,Wtorek,10361.3374,3
2012,Listopad,Sroda,17045.5174,9
2012,Listopad,Czwartek,20185.6928,9
2012,Listopad,Piatek,21875.1722,7
2012,Listopad,Sobota,31392.4999,9
2012,Listopad,Niedziela,27414.1018,11
2012,Listopad,Poniedzialek,5658.6557,3
2012,Listopad,Wtorek,21916.921,10
2012,Listopad,Sroda,23415.1492,10
2012,Listopad,Czwartek,24881.7673,12
2012,Listopad,Piatek,13291.1352,6
2012,Listopad,Sobota,17370.9957,7
2012,Listopad,Niedziela,17561.1247,8
2012,Listopad,Poniedzialek,22501.4352,6
2012,Listopad,Wtorek,25413.6381,10
2012,Listopad,Sroda,17498.796,6
2012,Listopad,Czwartek,12499.5921,7
2012,Listopad,Piatek,39176515.6535,83
2012,Grudzien,Sobota,21772.3494,10
2012,Grudzien,Niedziela,14939.1748,7
2012,Grudzien,Poniedzialek,20585.0158,5
2012,Grudzien,Wtorek,14914.5097,5
2012,Grudzien,Sroda,4821.2532,2
2012,Grudzien,Czwartek,16158.6043,9
2012,Grudzien,Piatek,17385.2774,8
2012,Grudzien,Sobota,20046.5668,7
2012,Grudzien,Niedziela,17191.8904,8
2012,Grudzien,Poniedzialek,15444.0643,6
2012,Grudzien,Wtorek,14646.4288,7
2012,Grudzien,Sroda,23052.2131,7
2012,Grudzien,Czwartek,13634.8518,3
2012,Grudzien,Piatek,17677.689,8
2012,Grudzien,Sobota,22163.2928,10
2012,Grudzien,Niedziela,12207.1805,6
2012,Grudzien,Poniedzialek,14334.2899,6
2012,Grudzien,Wtorek,10407.1968,5
2012,Grudzien,Sroda,16770.4018,6
2012,Grudzien,Czwartek,13609.3665,7
2012,Grudzien,Piatek,18352.6678,9
2012,Grudzien,Sobota,23600.1346,10
2012,Grudzien,Niedziela,15203.7849,7
2012,Grudzien,Poniedzialek,6959.5079,4
2012,Grudzien,Wtorek,22432.1939,8
2012,Grudzien,Sroda,5829.3594,3
2012,Grudzien,Czwartek,12652.8777,4
2012,Grudzien,Piatek,14889.0244,6
2012,Grudzien,Sobota,10210.6734,6
2012,Grudzien,Niedziela,19302.7363,5
2012,Grudzien,Poniedzialek,65517675.1785,83
2013,Styczen,Wtorek,21684.4068,8
2013,Styczen,Sroda,12489.2087,7
2013,Styczen,Czwartek,34090.4269,14
2013,Styczen,Piatek,18602.478,6
2013,Styczen,Sobota,24974.5191,13
2013,Styczen,Niedziela,17611.2751,7
2013,Styczen,Poniedzialek,19023.4518,11
2013,Styczen,Wtorek,22642.999,6
2013,Styczen,Sroda,16505.7917,5
2013,Styczen,Czwartek,9228.0525,4
2013,Styczen,Piatek,20549.7835,8
2013,Styczen,Sobota,22497.4786,9
2013,Styczen,Niedziela,20547.6801,8
2013,Styczen,Poniedzialek,20544.2093,10
2013,Styczen,Wtorek,9106.3446,4
2013,Styczen,Sroda,27396.6837,10
2013,Styczen,Czwartek,27005.7403,10
2013,Styczen,Piatek,21130.5215,9
2013,Styczen,Sobota,19320.1544,9
2013,Styczen,Niedziela,22417.8539,7
2013,Styczen,Poniedzialek,23736.5169,7
2013,Styczen,Wtorek,4430.3098,3
2013,Styczen,Sroda,21727.6446,11
2013,Styczen,Czwartek,31974.8335,11
2013,Styczen,Piatek,11124.8732,7
2013,Styczen,Sobota,5926.7366,2
2013,Styczen,Niedziela,14112.5832,7
2013,Styczen,Poniedzialek,45146121.2288,83
2013,Styczen,Wtorek,21776.9748,7
2013,Styczen,Sroda,12503.8831,4
2013,Styczen,Czwartek,13155.1456,5
2013,Luty,Piatek,36526.5388,11
2013,Luty,Sobota,10886.601,5
2013,Luty,Niedziela,14348.5716,9
2013,Luty,Poniedzialek,27024.6474,9
2013,Luty,Wtorek,10093.2565,5
2013,Luty,Sroda,10528.9047,5
2013,Luty,Czwartek,14474.5705,8
2013,Luty,Piatek,36565.1512,15
2013,Luty,Sobota,16481.1266,6
2013,Luty,Niedziela,18333.2425,8
2013,Luty,Poniedzialek,12388.2676,3
2013,Luty,Wtorek,15422.87,6
2013,Luty,Sroda,20432.8848,8
2013,Luty,Czwartek,33083.1409,12
2013,Luty,Piatek,21988.2981,10
2013,Luty,Sobota,17453.3641,10
2013,Luty,Niedziela,9370.1345,5
2013,Luty,Poniedzialek,9600.0305,6
2013,Luty,Wtorek,14167.5428,5
2013,Luty,Sroda,7510.7716,5
2013,Luty,Czwartek,9566.6579,3
2013,Luty,Piatek,12713.5336,5
2013,Luty,Sobota,6283.5803,4
2013,Luty,Niedziela,27273.4868,8
2013,Luty,Poniedzialek,19394.1497,7
2013,Luty,Wtorek,23132.7866,9
2013,Luty,Sroda,22989.8844,9
2013,Luty,Czwartek,80905778.9674,99
2013,Marzec,Piatek,29103.5812,8
2013,Marzec,Sobota,9056.1942,5
2013,Marzec,Niedziela,21409.4133,10
2013,Marzec,Poniedzialek,18081.4505,7
2013,Marzec,Wtorek,9296.4736,4
2013,Marzec,Sroda,20808.8194,6
2013,Marzec,Czwartek,26211.5756,10
2013,Marzec,Piatek,21127.3851,8
2013,Marzec,Sobota,13610.1867,4
2013,Marzec,Niedziela,26594.7572,10
2013,Marzec,Poniedzialek,13947.9719,6
2013,Marzec,Wtorek,32489.5817,14
2013,Marzec,Sroda,15131.4072,6
2013,Marzec,Czwartek,18499.9896,8
2013,Marzec,Piatek,15371.6866,6
2013,Marzec,Sobota,28469.4348,13
2013,Marzec,Niedziela,24867.4856,8
2013,Marzec,Poniedzialek,12259.3127,7
2013,Marzec,Wtorek,15218.0666,9
2013,Marzec,Sroda,6111.722,5
2013,Marzec,Czwartek,9341.1784,6
2013,Marzec,Piatek,11226.5414,5
2013,Marzec,Sobota,30911.1209,11
2013,Marzec,Niedziela,25767.3454,13
2013,Marzec,Poniedzialek,12635.5817,9
2013,Marzec,Wtorek,21658.4033,9
2013,Marzec,Sroda,17614.7459,6
2013,Marzec,Czwartek,12718.6772,6
2013,Marzec,Piatek,18998.7867,7
2013,Marzec,Sobota,117728476.4277,99
2013,Marzec,Niedziela,24167.2273,8
2013,Kwiecien,Poniedzialek,23543.7114,12
2013,Kwiecien,Wtorek,18862.7971,8
2013,Kwiecien,Sroda,22822.7446,11
2013,Kwiecien,Czwartek,27600.2418,12
2013,Kwiecien,Piatek,18695.2298,8
2013,Kwiecien,Sobota,28613.4916,11
2013,Kwiecien,Niedziela,13845.3549,7
2013,Kwiecien,Poniedzialek,11345.1129,6
2013,Kwiecien,Wtorek,21332.616,9
2013,Kwiecien,Sroda,23962.9421,11
2013,Kwiecien,Czwartek,12949.522,8
2013,Kwiecien,Piatek,18412.8089,11
2013,Kwiecien,Sobota,17533.3232,9
2013,Kwiecien,Niedziela,13434.3718,7
2013,Kwiecien,Poniedzialek,14620.9435,8
2013,Kwiecien,Wtorek,5110.5284,2
2013,Kwiecien,Sroda,14935.704,7
2013,Kwiecien,Czwartek,18015.3456,8
2013,Kwiecien,Piatek,19585.0989,8
2013,Kwiecien,Sobota,22637.7592,8
2013,Kwiecien,Niedziela,23824.3309,10
2013,Kwiecien,Poniedzialek,28879.5653,14
2013,Kwiecien,Wtorek,12450.5963,6
2013,Kwiecien,Sroda,21753.1299,7
2013,Kwiecien,Czwartek,20186.513,7
2013,Kwiecien,Piatek,22352.5692,10
2013,Kwiecien,Sobota,16837.1501,8
2013,Kwiecien,Niedziela,29920.4362,13
2013,Kwiecien,Poniedzialek,29234.1252,14
2013,Kwiecien,Wtorek,81311775.9772,99
2013,Maj,Sroda,24418.3176,8
2013,Maj,Czwartek,10874.5448,9
2013,Maj,Piatek,14396.6186,7
2013,Maj,Sobota,13218.4231,6
2013,Maj,Niedziela,22886.7492,9
2013,Maj,Poniedzialek,19169.8248,11
2013,Maj,Wtorek,34520.8029,14
2013,Maj,Sroda,15175.9834,5
2013,Maj,Czwartek,27049.3125,9
2013,Maj,Piatek,22481.5241,8
2013,Maj,Sobota,23440.6345,10
2013,Maj,Niedziela,21322.7539,9
2013,Maj,Poniedzialek,19048.1169,9
2013,Maj,Wtorek,27777.3723,10
2013,Maj,Sroda,11340.8219,7
2013,Maj,Czwartek,19268.0222,9
2013,Maj,Piatek,16501.5007,8
2013,Maj,Sobota,26039.7173,10
2013,Maj,Niedziela,18036.5399,7
2013,Maj,Poniedzialek,27091.5795,13
2013,Maj,Wtorek,10088.9655,6
2013,Maj,Sroda,17439.4168,9
2013,Maj,Czwartek,21484.2288,8
2013,Maj,Piatek,17414.7517,9
2013,Maj,Sobota,12904.4828,8
2013,Maj,Niedziela,31377.0636,8
2013,Maj,Poniedzialek,23821.3231,10
2013,Maj,Wtorek,14597.0986,4
2013,Maj,Sroda,21610.2277,8
2013,Maj,Czwartek,127610133.1371,178
2013,Maj,Piatek,79842.3616,25
2013,Czerwiec,Sobota,119551.2444,38
2013,Czerwiec,Niedziela,118726.2845,33
2013,Czerwiec,Poniedzialek,87344.7817,28
2013,Czerwiec,Wtorek,56523.4357,18
2013,Czerwiec,Sroda,97096.2957,29
2013,Czerwiec,Czwartek,70253.6356,27
2013,Czerwiec,Piatek,91265.2334,34
2013,Czerwiec,Sobota,54110.812,23
2013,Czerwiec,Niedziela,142968.1397,37
2013,Czerwiec,Poniedzialek,91122.0691,32
2013,Czerwiec,Wtorek,83717.2316,32
2013,Czerwiec,Sroda,71750.225,30
2013,Czerwiec,Czwartek,117202.4784,42
2013,Czerwiec,Piatek,76618.126,26
2013,Czerwiec,Sobota,85250.2089,30
2013,Czerwiec,Niedziela,43430.7991,17
2013,Czerwiec,Poniedzialek,57491.4823,27
2013,Czerwiec,Wtorek,158005.8408,37
2013,Czerwiec,Sroda,28626.6825,20
2013,Czerwiec,Czwartek,89366.2573,29
2013,Czerwiec,Piatek,72150.0806,23
2013,Czerwiec,Sobota,161389.8377,45
2013,Czerwiec,Niedziela,65938.3677,30
2013,Czerwiec,Poniedzialek,107930.0473,29
2013,Czerwiec,Wtorek,58899.8931,31
2013,Czerwiec,Sroda,66383.8149,29
2013,Czerwiec,Czwartek,131498.6587,43
2013,Czerwiec,Piatek,60780.5146,23
2013,Czerwiec,Sobota,105708.0363,30
2013,Czerwiec,Niedziela,193683997.5722,192
2013,Lipiec,Poniedzialek,56920.7407,38
2013,Lipiec,Wtorek,127650.145,49
2013,Lipiec,Sroda,73523.973,42
2013,Lipiec,Czwartek,31890.1698,35
2013,Lipiec,Piatek,100103.4439,40
2013,Lipiec,Sobota,138672.9509,48
2013,Lipiec,Niedziela,132899.6922,49
2013,Lipiec,Poniedzialek,124817.2456,48
2013,Lipiec,Wtorek,34567.7394,35
2013,Lipiec,Sroda,73195.7104,39
2013,Lipiec,Czwartek,126403.7378,51
2013,Lipiec,Piatek,91735.4456,49
2013,Lipiec,Sobota,68881.8357,43
2013,Lipiec,Niedziela,40967.2695,38
2013,Lipiec,Poniedzialek,71106.5543,43
2013,Lipiec,Wtorek,101918.473,46
2013,Lipiec,Sroda,142082.3176,50
2013,Lipiec,Czwartek,100301.637,48
2013,Lipiec,Piatek,63922.2841,41
2013,Lipiec,Sobota,64511.693,44
2013,Lipiec,Niedziela,31261.0153,33
2013,Lipiec,Poniedzialek,63192.7973,40
2013,Lipiec,Wtorek,125971.2636,53
2013,Lipiec,Sroda,104521.1139,48
2013,Lipiec,Czwartek,96373.34,52
2013,Lipiec,Piatek,47685.7577,37
2013,Lipiec,Sobota,91985.7613,41
2013,Lipiec,Niedziela,114799.9672,55
2013,Lipiec,Poniedzialek,102403.6568,49
2013,Lipiec,Wtorek,75077.3939,47
2013,Lipiec,Sroda,189963890.7903,182
2013,Sierpien,Czwartek,121284.5821,50
2013,Sierpien,Piatek,107034.2032,46
2013,Sierpien,Sobota,79359.4679,49
2013,Sierpien,Niedziela,105967.8773,44
2013,Sierpien,Poniedzialek,111960.5029,45
2013,Sierpien,Wtorek,103155.2999,49
2013,Sierpien,Sroda,102780.5617,53
2013,Sierpien,Czwartek,123264.6529,52
2013,Sierpien,Piatek,97546.6839,48
2013,Sierpien,Sobota,67819.841,43
2013,Sierpien,Niedziela,130074.6805,52
2013,Sierpien,Poniedzialek,191179.7226,50
2013,Sierpien,Wtorek,93907.8649,52
2013,Sierpien,Sroda,104713.7141,48
2013,Sierpien,Czwartek,73854.755,41
2013,Sierpien,Piatek,76980.0706,49
2013,Sierpien,Sobota,125763.6679,51
2013,Sierpien,Niedziela,175975.1759,58
2013,Sierpien,Poniedzialek,135178.7527,50
2013,Sierpien,Wtorek,75425.9545,50
2013,Sierpien,Sroda,127985.2907,45
2013,Sierpien,Czwartek,121210.3141,48
2013,Sierpien,Piatek,67735.464,45
2013,Sierpien,Sobota,101066.429,48
2013,Sierpien,Niedziela,90103.1066,47
2013,Sierpien,Poniedzialek,114945.4185,54
2013,Sierpien,Wtorek,76898.6772,47
2013,Sierpien,Sroda,71930.4187,40
2013,Sierpien,Czwartek,93705.2293,43
2013,Sierpien,Piatek,90450572.5208,164
2013,Sierpien,Sobota,99594.5934,49
2013,Wrzesien,Niedziela,91416.929,50
2013,Wrzesien,Poniedzialek,97179.9013,49
2013,Wrzesien,Wtorek,125919.6037,52
2013,Wrzesien,Sroda,157923.4439,57
2013,Wrzesien,Czwartek,79531.9582,43
2013,Wrzesien,Piatek,134412.5132,59
2013,Wrzesien,Sobota,145754.9074,46
2013,Wrzesien,Niedziela,96579.9099,46
2013,Wrzesien,Poniedzialek,136857.6891,47
2013,Wrzesien,Wtorek,104527.5783,50
2013,Wrzesien,Sroda,100693.1391,50
2013,Wrzesien,Czwartek,119404.7672,59
2013,Wrzesien,Piatek,115495.4988,54
2013,Wrzesien,Sobota,81863.297,46
2013,Wrzesien,Niedziela,110075.8269,50
2013,Wrzesien,Poniedzialek,143558.1453,55
2013,Wrzesien,Wtorek,113242.314,46
2013,Wrzesien,Sroda,73262.4206,42
2013,Wrzesien,Czwartek,96750.0681,48
2013,Wrzesien,Piatek,177545.1939,53
2013,Wrzesien,Sobota,129496.5448,48
2013,Wrzesien,Niedziela,60085.7477,37
2013,Wrzesien,Poniedzialek,94434.905,45
2013,Wrzesien,Wtorek,151605.6722,51
2013,Wrzesien,Sroda,115528.5918,46
2013,Wrzesien,Czwartek,111893.9601,49
2013,Wrzesien,Piatek,74843.1332,43
2013,Wrzesien,Sobota,113255.4863,53
2013,Wrzesien,Niedziela,93998.2527,44
2013,Wrzesien,Poniedzialek,130772980.7981,170
2013,Pazdziernik,Wtorek,110851.6133,49
2013,Pazdziernik,Sroda,162359.3554,59
2013,Pazdziernik,Czwartek,100982.2743,53
2013,Pazdziernik,Piatek,99301.6455,44
2013,Pazdziernik,Sobota,116982.0219,50
2013,Pazdziernik,Niedziela,116945.3469,47
2013,Pazdziernik,Poniedzialek,79429.0264,42
2013,Pazdziernik,Wtorek,147430.4954,54
2013,Pazdziernik,Sroda,161477.3549,55
2013,Pazdziernik,Czwartek,48036.3184,40
2013,Pazdziernik,Piatek,113361.8316,47
2013,Pazdziernik,Sobota,116506.6843,48
2013,Pazdziernik,Niedziela,114753.8449,60
2013,Pazdziernik,Poniedzialek,116239.2503,54
2013,Pazdziernik,Wtorek,126935.6077,48
2013,Pazdziernik,Sroda,118472.0367,51
2013,Pazdziernik,Czwartek,133851.8018,51
2013,Pazdziernik,Piatek,145368.8534,47
2013,Pazdziernik,Sobota,70447.6192,44
2013,Pazdziernik,Niedziela,115653.4912,51
2013,Pazdziernik,Poniedzialek,183248.5856,60
2013,Pazdziernik,Wtorek,98703.5202,46
2013,Pazdziernik,Sroda,196129.6587,55
2013,Pazdziernik,Czwartek,106154.844,45
2013,Pazdziernik,Piatek,133543.4628,51
2013,Pazdziernik,Sobota,156302.0888,54
2013,Pazdziernik,Niedziela,145890.2914,51
2013,Pazdziernik,Poniedzialek,141800.2013,49
2013,Pazdziernik,Wtorek,98799.0479,56
2013,Pazdziernik,Sroda,133331737.409,166
2013,Pazdziernik,Czwartek,152627.4216,57
2013,Listopad,Piatek,224630.0172,65
2013,Listopad,Sobota,160181.3897,63
2013,Listopad,Niedziela,176847.8065,60
2013,Listopad,Poniedzialek,224580.8004,67
2013,Listopad,Wtorek,255801.2847,69
2013,Listopad,Sroda,144885.1842,56
2013,Listopad,Czwartek,147051.3586,54
2013,Listopad,Piatek,93644.4326,46
2013,Listopad,Sobota,160894.3574,58
2013,Listopad,Niedziela,216999.2862,57
2013,Listopad,Poniedzialek,182566.0721,58
2013,Listopad,Wtorek,187654.1429,58
2013,Listopad,Sroda,180893.0342,52
2013,Listopad,Czwartek,100192.7286,54
2013,Listopad,Piatek,156007.3956,58
2013,Listopad,Sobota,226603.9783,63
2013,Listopad,Niedziela,211375.2443,57
2013,Listopad,Poniedzialek,192819.0459,61
2013,Listopad,Wtorek,212499.5923,56
2013,Listopad,Sroda,99237.2676,44
2013,Listopad,Czwartek,155222.8895,63
2013,Listopad,Piatek,136505.5932,52
2013,Listopad,Sobota,143081.5349,62
2013,Listopad,Niedziela,183183.1148,59
2013,Listopad,Poniedzialek,133738.673,48
2013,Listopad,Wtorek,191581.1033,60
2013,Listopad,Sroda,168556.649,57
2013,Listopad,Czwartek,207250.7105,54
2013,Listopad,Piatek,171937.3739,58
2013,Listopad,Sobota,49295302.8085,140
2013,Grudzien,Niedziela,120804.2946,54
2013,Grudzien,Poniedzialek,174919.2932,42
2013,Grudzien,Wtorek,125712.5711,54
2013,Grudzien,Sroda,136453.1824,52
2013,Grudzien,Czwartek,103439.9601,48
2013,Grudzien,Piatek,168430.3588,57
2013,Grudzien,Sobota,139093.537,57
2013,Grudzien,Niedziela,111338.4437,47
2013,Grudzien,Poniedzialek,168174.4736,53
2013,Grudzien,Wtorek,154451.8425,56
2013,Grudzien,Sroda,152362.1437,54
2013,Grudzien,Czwartek,126741.3368,48
2013,Grudzien,Piatek,124867.8209,51
2013,Grudzien,Sobota,144975.4847,59
2013,Grudzien,Niedziela,117532.1351,59
2013,Grudzien,Poniedzialek,97490.616,46
2013,Grudzien,Wtorek,102233.3114,51
2013,Grudzien,Sroda,129682.3392,43
2013,Grudzien,Czwartek,187562.6167,57
2013,Grudzien,Piatek,105140.0671,52
2013,Grudzien,Sobota,139027.1799,50
2013,Grudzien,Niedziela,111398.368,37
2013,Grudzien,Poniedzialek,226916.0085,61
2013,Grudzien,Wtorek,93302.5453,50
2013,Grudzien,Sroda,119318.3343,54
2013,Grudzien,Czwartek,175336.4974,53
2013,Grudzien,Piatek,183776.8416,54
2013,Grudzien,Sobota,129511.0976,49
2013,Grudzien,Niedziela,142923.2789,49
2013,Grudzien,Poniedzialek,118325.447,51
2013,Grudzien,Wtorek,75408765.9243,147
2014,Styczen,Sroda,141995.3101,52
2014,Styczen,Czwartek,184098.0435,53
2014,Styczen,Piatek,146555.9655,50
2014,Styczen,Sobota,176045.621,56
2014,Styczen,Niedziela,130842.9211,56
2014,Styczen,Poniedzialek,206185.8325,62
2014,Styczen,Wtorek,206358.7982,60
2014,Styczen,Sroda,129154.9997,55
2014,Styczen,Czwartek,156682.8382,56
2014,Styczen,Piatek,122001.2955,50
2014,Styczen,Sobota,143929.6463,54
2014,Styczen,Niedziela,122562.371,53
2014,Styczen,Poniedzialek,144949.7924,54
2014,Styczen,Wtorek,202005.2976,59
2014,Styczen,Sroda,120799.8954,48
2014,Styczen,Czwartek,191231.2377,53
2014,Styczen,Piatek,186923.9368,59
2014,Styczen,Sobota,143065.7901,55
2014,Styczen,Niedziela,290942.1082,63
2014,Styczen,Poniedzialek,141780.2776,55
2014,Styczen,Wtorek,144257.4989,52
2014,Styczen,Sroda,129404.3109,47
2014,Styczen,Czwartek,179361.1937,53
2014,Styczen,Piatek,95795.2266,45
2014,Styczen,Sobota,100006.0053,52
2014,Styczen,Niedziela,150809.7636,56
2014,Styczen,Poniedzialek,186940.6217,51
2014,Styczen,Wtorek,144117.0775,60
2014,Styczen,Sroda,75561234.1219,139
2014,Styczen,Czwartek,127854.9678,52
2014,Styczen,Piatek,118115.2763,51
2014,Luty,Sobota,103769.2716,51
2014,Luty,Niedziela,164599.9742,48
2014,Luty,Poniedzialek,99461.1091,47
2014,Luty,Wtorek,166124.6536,53
2014,Luty,Sroda,147744.9564,52
2014,Luty,Czwartek,159259.0352,59
2014,Luty,Piatek,153066.5043,55
2014,Luty,Sobota,161670.6642,48
2014,Luty,Niedziela,251706.1186,56
2014,Luty,Poniedzialek,177677.8055,56
2014,Luty,Wtorek,150218.8643,56
2014,Luty,Sroda,124783.3216,52
2014,Luty,Czwartek,65184.9922,49
2014,Luty,Piatek,134307.305,55
2014,Luty,Sobota,161629.3917,59
2014,Luty,Niedziela,159666.9456,57
2014,Luty,Poniedzialek,175120.4254,55
2014,Luty,Wtorek,138607.9889,58
2014,Luty,Sroda,112076.6285,55
2014,Luty,Czwartek,152353.7563,62
2014,Luty,Piatek,147302.1179,50
2014,Luty,Sobota,107538.5922,53
2014,Luty,Niedziela,115275.7131,51
2014,Luty,Poniedzialek,192645.0976,59
2014,Luty,Wtorek,144481.9029,46
2014,Luty,Sroda,89498.9259,49
2014,Luty,Czwartek,170665.8614,52
2014,Luty,Piatek,167850.539,60
2014,Marzec,Sobota,86414470.4823,162
2014,Marzec,Niedziela,167907.0966,58
2014,Marzec,Poniedzialek,197217.3995,68
2014,Marzec,Wtorek,159575.9924,61
2014,Marzec,Sroda,89839.0337,45
2014,Marzec,Czwartek,187795.8807,57
2014,Marzec,Piatek,123393.0657,58
2014,Marzec,Sobota,160437.1529,49
2014,Marzec,Niedziela,159085.3398,56
2014,Marzec,Poniedzialek,156645.323,52
2014,Marzec,Wtorek,112278.27,51
2014,Marzec,Sroda,155878.1991,60
2014,Marzec,Czwartek,63991.0948,46
2014,Marzec,Piatek,160244.9267,55
2014,Marzec,Sobota,148550.9449,55
2014,Marzec,Niedziela,137259.7004,56
2014,Marzec,Poniedzialek,141691.7338,57
2014,Marzec,Wtorek,219260.0494,59
2014,Marzec,Sroda,229582.0537,67
2014,Marzec,Czwartek,165542.154,59
2014,Marzec,Piatek,137722.5948,56
2014,Marzec,Sobota,143258.4029,59
2014,Marzec,Niedziela,180006.6259,65
2014,Marzec,Poniedzialek,192012.6501,54
2014,Marzec,Wtorek,160271.2594,57
2014,Marzec,Sroda,153408.4457,57
2014,Marzec,Czwartek,249881.0026,61
2014,Marzec,Piatek,198693.0608,64
2014,Marzec,Sobota,174873.8675,55
2014,Marzec,Niedziela,225852.2238,65
2014,Marzec,Poniedzialek,123887621.164,162
2014,Kwiecien,Wtorek,105081.9786,51
2014,Kwiecien,Sroda,182790.994,64
2014,Kwiecien,Czwartek,195046.6933,66
2014,Kwiecien,Piatek,234751.6297,65
2014,Kwiecien,Sobota,155376.0092,60
2014,Kwiecien,Niedziela,235180.5472,64
2014,Kwiecien,Poniedzialek,185467.4583,63
2014,Kwiecien,Wtorek,208351.9538,63
2014,Kwiecien,Sroda,153123.5331,55
2014,Kwiecien,Czwartek,196843.8198,59
2014,Kwiecien,Piatek,199167.4147,59
2014,Kwiecien,Sobota,132013.2709,49
2014,Kwiecien,Niedziela,186616.0514,65
2014,Kwiecien,Poniedzialek,190158.6365,63
2014,Kwiecien,Wtorek,222450.4931,58
2014,Kwiecien,Sroda,159936.4443,56
2014,Kwiecien,Czwartek,154105.2594,55
2014,Kwiecien,Piatek,208770.4172,62
2014,Kwiecien,Sobota,214757.5501,62
2014,Kwiecien,Niedziela,212225.9945,55
2014,Kwiecien,Poniedzialek,186146.6239,54
2014,Kwiecien,Wtorek,169171.3589,64
2014,Kwiecien,Sroda,195417.7953,62
2014,Kwiecien,Czwartek,245001.3443,60
2014,Kwiecien,Piatek,140568.3139,49
2014,Kwiecien,Sobota,154684.7761,52
2014,Kwiecien,Niedziela,191070.758,58
2014,Kwiecien,Poniedzialek,198466.2803,55
2014,Kwiecien,Wtorek,142034.7487,56
2014,Kwiecien,Sroda,213157.2173,64
2014,Maj,Czwartek,129367126.2881,163
2014,Maj,Piatek,96838.6561,52
2014,Maj,Sobota,192411.3115,60
2014,Maj,Niedziela,140452.1003,57
2014,Maj,Poniedzialek,195095.4784,59
2014,Maj,Wtorek,248054.2614,64
2014,Maj,Sroda,307018.1111,64
2014,Maj,Czwartek,176674.1662,63
2014,Maj,Piatek,209403.9463,60
2014,Maj,Sobota,187011.8603,58
2014,Maj,Niedziela,266046.2587,65
2014,Maj,Poniedzialek,163005.9242,53
2014,Maj,Wtorek,163565.1201,63
2014,Maj,Sroda,305719.5056,67
2014,Maj,Czwartek,232956.1036,68
2014,Maj,Piatek,146144.6396,59
2014,Maj,Sobota,228516.4688,60
2014,Maj,Niedziela,182406.4194,59
2014,Maj,Poniedzialek,227023.8672,63
2014,Maj,Wtorek,202873.7721,59
2014,Maj,Sroda,241134.3975,63
2014,Maj,Czwartek,218528.0524,58
2014,Maj,Piatek,157381.4966,52
2014,Maj,Sobota,227147.8934,56
2014,Maj,Niedziela,258947.0851,62
2014,Maj,Poniedzialek,202183.2566,63
2014,Maj,Wtorek,191779.1853,59
2014,Maj,Sroda,253223.486,62
2014,Maj,Czwartek,194406.2456,62
2014,Maj,Piatek,163794.1851,54
2014,Maj,Sobota,5264.9288,28
2014,Czerwiec,Niedziela,4743.7559,24
2014,Czerwiec,Poniedzialek,5508.0738,25
2014,Czerwiec,Wtorek,3394.2407,27
2014,Czerwiec,Sroda,3458.5081,27
2014,Czerwiec,Czwartek,4987.287,28
2014,Czerwiec,Piatek,3747.8526,24
2014,Czerwiec,Sobota,7528.5676,29
2014,Czerwiec,Niedziela,3082.0124,27
2014,Czerwiec,Poniedzialek,4386.4543,23
2014,Czerwiec,Wtorek,3355.3999,25
2014,Czerwiec,Sroda,4946.9765,26
2014,Czerwiec,Czwartek,2275.6047,22
2014,Czerwiec,Piatek,5593.0808,28
2014,Czerwiec,Sobota,4398.5985,27
2014,Czerwiec,Niedziela,4343.934,30
2014,Czerwiec,Poniedzialek,5981.6209,26
2014,Czerwiec,Wtorek,4323.3468,25
2014,Czerwiec,Sroda,6585.3598,28
2014,Czerwiec,Czwartek,6704.6225,30
2014,Czerwiec,Piatek,2920.4283,24
2014,Czerwiec,Sobota,5218.9827,30
2014,Czerwiec,Niedziela,5148.3734,27
2014,Czerwiec,Poniedzialek,5002.3479,29
2014,Czerwiec,Wtorek,4222.3502,26
2014,Czerwiec,Sroda,5596.1312,25
2014,Czerwiec,Czwartek,4344.4529,27
2014,Czerwiec,Piatek,6200.0907,27
2014,Czerwiec,Sobota,5276.3984,24
2014,Czerwiec,Niedziela,4848.5423,27
2014,Czerwiec,Poniedzialek,8026.4682,34
